{
  "requestsPerSecond": 10,
  "durationSeconds": 10,
  "numberOfRequests": 100,
  "averageLatencyMilliseconds": 23.66,
  "totalRequestChargePerSecond": 973.9613247084034,
  "latencies": [
    21,
    25,
    22,
    20,
    35,
    37,
    19,
    21,
    20,
    24,
    22,
    25,
    20,
    19,
    21,
    20,
    20,
    28,
    22,
    30,
    20,
    21,
    22,
    21,
    21,
    21,
    25,
    22,
    22,
    25,
    64,
    29,
    20,
    20,
    22,
    23,
    22,
    19,
    20,
    21,
    21,
    22,
    46,
    23,
    20,
    20,
    21,
    20,
    20,
    30,
    21,
    24,
    20,
    20,
    22,
    20,
    19,
    22,
    20,
    19,
    35,
    24,
    19,
    19,
    21,
    21,
    22,
    29,
    20,
    21,
    23,
    22,
    24,
    20,
    23,
    20,
    20,
    21,
    21,
    22,
    34,
    20,
    21,
    24,
    24,
    48,
    20,
    20,
    19,
    43,
    45,
    20,
    22,
    21,
    21,
    21,
    28,
    24,
    20,
    23
  ],
  "requestCharges": [
    96.66,
    96.66,
    96.64999999999999,
    96.64999999999999,
    96.64999999999999,
    96.64999999999999,
    96.64999999999999,
    96.64999999999999,
    96.64999999999999,
    96.64999999999999,
    96.66,
    96.64999999999999,
    96.64999999999999,
    96.64999999999999,
    96.64999999999999,
    96.64999999999999,
    96.64999999999999,
    96.64999999999999,
    96.66,
    96.66,
    96.64999999999999,
    96.64999999999999,
    96.66,
    96.66,
    96.66,
    96.64999999999999,
    96.64999999999999,
    96.64999999999999,
    96.66,
    96.66,
    96.66,
    96.66,
    96.64999999999999,
    96.66,
    96.64999999999999,
    96.66,
    96.64999999999999,
    96.64999999999999,
    96.64999999999999,
    96.66,
    96.64999999999999,
    96.64999999999999,
    96.66,
    96.64999999999999,
    96.64999999999999,
    96.64999999999999,
    96.66,
    96.64999999999999,
    96.64999999999999,
    96.64999999999999,
    96.64999999999999,
    96.64999999999999,
    96.64999999999999,
    96.66,
    96.64999999999999,
    96.64999999999999,
    96.64999999999999,
    96.64999999999999,
    96.66,
    96.64999999999999,
    96.64999999999999,
    96.64999999999999,
    96.64999999999999,
    96.64999999999999,
    96.64999999999999,
    96.64999999999999,
    96.64999999999999,
    96.66,
    96.66,
    96.66,
    96.64999999999999,
    96.66,
    96.64999999999999,
    96.64999999999999,
    96.64999999999999,
    96.64999999999999,
    96.64999999999999,
    96.64999999999999,
    96.64999999999999,
    96.64999999999999,
    96.64999999999999,
    96.64999999999999,
    96.66,
    96.64999999999999,
    96.64999999999999,
    96.64999999999999,
    96.64999999999999,
    96.64999999999999,
    96.64999999999999,
    96.64999999999999,
    96.64999999999999,
    96.66,
    96.64999999999999,
    96.64999999999999,
    96.64999999999999,
    96.64999999999999,
    96.66,
    96.64999999999999,
    96.64999999999999,
    96.66
  ],
  "scenariosUsage": null,
  "endpointsUsage": null,
  "virtualQueues": null,
  "feedRangeUsage": null,
  "feedRangeQueuedRequests": [
    {
      "feedRange": "[,07FFFFFFFFFFFFFFFFFFFFFFFFFFFFFF)",
      "requestCount": 419,
      "requestCharge": 12.89
    },
    {
      "feedRange": "[07FFFFFFFFFFFFFFFFFFFFFFFFFFFFFF,0FFFFFFFFFFFFFFFFFFFFFFFFFFFFFFF)",
      "requestCount": 383,
      "requestCharge": 12.05
    },
    {
      "feedRange": "[0FFFFFFFFFFFFFFFFFFFFFFFFFFFFFFF,182798A55DE129415BF591D466C02974)",
      "requestCount": 407,
      "requestCharge": 12.61
    },
    {
      "feedRange": "[182798A55DE129415BF591D466C02974,1FFFFFFFFFFFFFFFFFFFFFFFFFFFFFFF)",
      "requestCount": 337,
      "requestCharge": 10.98
    },
    {
      "feedRange": "[1FFFFFFFFFFFFFFFFFFFFFFFFFFFFFFF,27FFFFFFFFFFFFFFFFFFFFFFFFFFFFFF)",
      "requestCount": 376,
      "requestCharge": 11.89
    },
    {
      "feedRange": "[27FFFFFFFFFFFFFFFFFFFFFFFFFFFFFF,2FFFFFFFFFFFFFFFFFFFFFFFFFFFFFFF)",
      "requestCount": 394,
      "requestCharge": 12.3
    },
    {
      "feedRange": "[2FFFFFFFFFFFFFFFFFFFFFFFFFFFFFFF,37FFFFFFFFFFFFFFFFFFFFFFFFFFFFFF)",
      "requestCount": 395,
      "requestCharge": 12.33
    },
    {
      "feedRange": "[37FFFFFFFFFFFFFFFFFFFFFFFFFFFFFF,FF)",
      "requestCount": 364,
      "requestCharge": 11.61
    }
  ]
}