{
  "requestsPerSecond": 10,
  "durationSeconds": 10,
  "numberOfRequests": 100,
  "averageLatencyMilliseconds": 17.67,
  "totalRequestChargePerSecond": 485.852952689604,
  "latencies": [
    13,
    14,
    22,
    13,
    16,
    19,
    18,
    14,
    16,
    14,
    13,
    13,
    14,
    15,
    14,
    15,
    13,
    14,
    13,
    14,
    21,
    44,
    12,
    38,
    42,
    14,
    19,
    32,
    16,
    36,
    14,
    14,
    13,
    35,
    14,
    14,
    15,
    15,
    14,
    14,
    13,
    16,
    17,
    17,
    38,
    13,
    14,
    12,
    15,
    14,
    15,
    32,
    13,
    44,
    18,
    15,
    13,
    14,
    12,
    13,
    14,
    14,
    23,
    18,
    13,
    14,
    16,
    19,
    14,
    13,
    40,
    13,
    14,
    14,
    19,
    13,
    26,
    18,
    14,
    14,
    14,
    15,
    12,
    16,
    13,
    14,
    13,
    13,
    33,
    14,
    14,
    28,
    16,
    13,
    14,
    14,
    13,
    36,
    13,
    15
  ],
  "requestCharges": [
    48.160000000000004,
    48.160000000000004,
    48.160000000000004,
    48.160000000000004,
    48.160000000000004,
    48.160000000000004,
    48.160000000000004,
    48.160000000000004,
    48.160000000000004,
    48.160000000000004,
    48.160000000000004,
    48.160000000000004,
    48.160000000000004,
    48.160000000000004,
    48.160000000000004,
    48.160000000000004,
    48.160000000000004,
    48.160000000000004,
    48.160000000000004,
    48.160000000000004,
    48.160000000000004,
    48.160000000000004,
    48.160000000000004,
    48.160000000000004,
    48.160000000000004,
    48.160000000000004,
    48.160000000000004,
    48.160000000000004,
    48.160000000000004,
    48.160000000000004,
    48.160000000000004,
    48.160000000000004,
    48.160000000000004,
    48.160000000000004,
    48.160000000000004,
    48.160000000000004,
    48.160000000000004,
    48.160000000000004,
    48.160000000000004,
    48.160000000000004,
    48.160000000000004,
    48.160000000000004,
    48.160000000000004,
    48.160000000000004,
    48.160000000000004,
    48.160000000000004,
    48.160000000000004,
    48.160000000000004,
    48.160000000000004,
    48.160000000000004,
    48.160000000000004,
    48.160000000000004,
    48.160000000000004,
    48.160000000000004,
    48.160000000000004,
    48.160000000000004,
    48.160000000000004,
    48.160000000000004,
    48.160000000000004,
    48.160000000000004,
    48.160000000000004,
    48.160000000000004,
    48.160000000000004,
    48.160000000000004,
    48.160000000000004,
    48.160000000000004,
    48.160000000000004,
    48.160000000000004,
    48.160000000000004,
    48.160000000000004,
    48.160000000000004,
    48.160000000000004,
    48.160000000000004,
    48.160000000000004,
    48.160000000000004,
    48.160000000000004,
    48.160000000000004,
    48.160000000000004,
    48.160000000000004,
    48.160000000000004,
    48.160000000000004,
    48.160000000000004,
    48.160000000000004,
    48.160000000000004,
    48.160000000000004,
    48.160000000000004,
    48.160000000000004,
    48.160000000000004,
    48.160000000000004,
    48.160000000000004,
    48.160000000000004,
    48.160000000000004,
    48.160000000000004,
    48.160000000000004,
    48.160000000000004,
    48.160000000000004,
    48.160000000000004,
    48.160000000000004,
    48.160000000000004,
    48.160000000000004
  ],
  "scenariosUsage": null,
  "endpointsUsage": null,
  "virtualQueues": null,
  "feedRangeUsage": null,
  "feedRangeQueuedRequests": [
    {
      "feedRange": "[,07FFFFFFFFFFFFFFFFFFFFFFFFFFFFFF)",
      "requestCount": 155,
      "requestCharge": 6.72
    },
    {
      "feedRange": "[07FFFFFFFFFFFFFFFFFFFFFFFFFFFFFF,0FFFFFFFFFFFFFFFFFFFFFFFFFFFFFFF)",
      "requestCount": 118,
      "requestCharge": 5.86
    },
    {
      "feedRange": "[0FFFFFFFFFFFFFFFFFFFFFFFFFFFFFFF,182798A55DE129415BF591D466C02974)",
      "requestCount": 115,
      "requestCharge": 5.79
    },
    {
      "feedRange": "[182798A55DE129415BF591D466C02974,1FFFFFFFFFFFFFFFFFFFFFFFFFFFFFFF)",
      "requestCount": 114,
      "requestCharge": 5.77
    },
    {
      "feedRange": "[1FFFFFFFFFFFFFFFFFFFFFFFFFFFFFFF,27FFFFFFFFFFFFFFFFFFFFFFFFFFFFFF)",
      "requestCount": 137,
      "requestCharge": 6.3
    },
    {
      "feedRange": "[27FFFFFFFFFFFFFFFFFFFFFFFFFFFFFF,2FFFFFFFFFFFFFFFFFFFFFFFFFFFFFFF)",
      "requestCount": 132,
      "requestCharge": 6.19
    },
    {
      "feedRange": "[2FFFFFFFFFFFFFFFFFFFFFFFFFFFFFFF,37FFFFFFFFFFFFFFFFFFFFFFFFFFFFFF)",
      "requestCount": 115,
      "requestCharge": 5.79
    },
    {
      "feedRange": "[37FFFFFFFFFFFFFFFFFFFFFFFFFFFFFF,FF)",
      "requestCount": 113,
      "requestCharge": 5.74
    }
  ]
}